"text";"favorited";"favoriteCount";"replyToSN";"created";"truncated";"replyToSID";"id";"replyToUID";"statusSource";"screenName";"retweetCount";"isRetweet";"retweeted";"longitude";"latitude";"Lang"
"RT @Tayfeun: Présentation du package #rAmCharts pour ""tuner"" ses graphs #RR2016 #pimpmygraph #dataviz https://t.co/zXDzJszdPV";FALSE;0;NA;2016-06-24 17:20:21;FALSE;NA;"746392532700045312";NA;"<a href=""http://twitter.com/download/iphone"" rel=""nofollow"">Twitter for iPhone</a>";"ChrysGalissie";1;TRUE;FALSE;NA;NA;"FR"
"RT @StatFr: Clôture des journées par la chef du comité organisation @Natty_V2. Rendez-vous à Anglet #RR2016 #rstats #RR2017 https://t.co/jf…";FALSE;0;NA;2016-06-24 17:19:50;FALSE;NA;"746392400831086592";NA;"<a href=""http://twitter.com/download/iphone"" rel=""nofollow"">Twitter for iPhone</a>";"ChrysGalissie";5;TRUE;FALSE;NA;NA;"FR"
"RT @Lionning13: Relais ""lignting talk"" avec la nouvelle génération #RR2016 #rstats https://t.co/5nnF81QrKx";FALSE;0;NA;2016-06-24 16:53:56;FALSE;NA;"746385883717341185";NA;"<a href=""http://twitter.com"" rel=""nofollow"">Twitter Web Client</a>";"Natty_V2";1;TRUE;FALSE;NA;NA;"FR"
"RT @StatFr: Clôture des journées par la chef du comité organisation @Natty_V2. Rendez-vous à Anglet #RR2016 #rstats #RR2017 https://t.co/jf…";FALSE;0;NA;2016-06-24 16:37:58;FALSE;NA;"746381866400382976";NA;"<a href=""https://play.google.com/store/apps/details?id=org.mariotaku.twidere"" rel=""nofollow"">Twidere for Android #4</a>";"geraudster";5;TRUE;FALSE;NA;NA;"FR"
"RT @alykisdata: #RR2016 #rstats on arrive à la fin de trois journées enrichissantes autour de #R et de la #Stat... Bravo aux orgas! https:/…";FALSE;0;NA;2016-06-24 16:33:58;FALSE;NA;"746380859490590721";NA;"<a href=""http://twitter.com/download/iphone"" rel=""nofollow"">Twitter for iPhone</a>";"andreamrau";2;TRUE;FALSE;NA;NA;"FR"
"Encore merci aux organisateurs et speakers, c'était vraiment super ! :D #RR2016 #rstats https://t.co/vMyI5s12O5";FALSE;2;NA;2016-06-24 14:56:18;FALSE;NA;"746356280139329540";NA;"<a href=""http://twitter.com/download/android"" rel=""nofollow"">Twitter for Android</a>";"alinedeschamps";0;FALSE;FALSE;NA;NA;"FR"
"RT @alykisdata: #RR2016 #rstats on arrive à la fin de trois journées enrichissantes autour de #R et de la #Stat... Bravo aux orgas! https:/…";FALSE;0;NA;2016-06-24 14:42:39;FALSE;NA;"746352847156031488";NA;"<a href=""http://twitter.com"" rel=""nofollow"">Twitter Web Client</a>";"geraudster";2;TRUE;FALSE;NA;NA;"FR"
"RT @StatFr: Clôture des journées par la chef du comité organisation @Natty_V2. Rendez-vous à Anglet #RR2016 #rstats #RR2017 https://t.co/jf…";FALSE;0;NA;2016-06-24 14:31:24;FALSE;NA;"746350012343390208";NA;"<a href=""http://twitter.com"" rel=""nofollow"">Twitter Web Client</a>";"thinkR_fr";5;TRUE;FALSE;NA;NA;"FR"
"RT @StatFr: Clôture des journées par la chef du comité organisation @Natty_V2. Rendez-vous à Anglet #RR2016 #rstats #RR2017 https://t.co/jf…";FALSE;0;NA;2016-06-24 14:15:42;FALSE;NA;"746346062965776384";NA;"<a href=""http://twitter.com/download/iphone"" rel=""nofollow"">Twitter for iPhone</a>";"GAYET_Anne";5;TRUE;FALSE;NA;NA;"FR"
"RT @StatFr: Clôture des journées par la chef du comité organisation @Natty_V2. Rendez-vous à Anglet #RR2016 #rstats #RR2017 https://t.co/jf…";FALSE;0;NA;2016-06-24 13:51:45;FALSE;NA;"746340034802917377";NA;"<a href=""http://twitter.com/download/android"" rel=""nofollow"">Twitter for Android</a>";"Imsepp972";5;TRUE;FALSE;NA;NA;"FR"
"Clôture des journées par la chef du comité organisation @Natty_V2. Rendez-vous à Anglet #RR2016 #rstats #RR2017 https://t.co/jfCJITdDyu";FALSE;4;NA;2016-06-24 13:50:51;FALSE;NA;"746339808990081024";NA;"<a href=""http://twitter.com/download/android"" rel=""nofollow"">Twitter for Android</a>";"StatFr";5;FALSE;FALSE;NA;NA;"FR"
"#RR2016 #rstats on arrive à la fin de trois journées enrichissantes autour de #R et de la #Stat... Bravo aux orgas! https://t.co/cNLGSVenC0";FALSE;1;NA;2016-06-24 13:41:21;FALSE;NA;"746337417003732993";NA;"<a href=""http://twitter.com/download/android"" rel=""nofollow"">Twitter for Android</a>";"alykisdata";2;FALSE;FALSE;NA;NA;"FR"
"Dernier <U+26A1> talk des #rr2016 : 24s ne suffiront pas à lire le titre! #rstats #shiny https://t.co/W4wd0rI6PM";FALSE;0;NA;2016-06-24 13:35:20;FALSE;NA;"746335905070350336";NA;"<a href=""http://twitter.com/download/android"" rel=""nofollow"">Twitter for Android</a>";"alykisdata";0;FALSE;FALSE;NA;NA;"FR"
"Relais ""lignting talk"" avec la nouvelle génération #RR2016 #rstats https://t.co/5nnF81QrKx";FALSE;1;NA;2016-06-24 13:26:52;FALSE;NA;"746333771557912576";NA;"<a href=""http://twitter.com/download/android"" rel=""nofollow"">Twitter for Android</a>";"Lionning13";1;FALSE;FALSE;NA;NA;"FR"
"Présentation R++ ce matin aux rencontres R Toulouse, @r_plus_plus : on attend le proto avec impatience ;) #RR2016 #rstats";FALSE;1;NA;2016-06-24 12:41:48;FALSE;NA;"746322431674093568";NA;"<a href=""http://twitter.com/download/android"" rel=""nofollow"">Twitter for Android</a>";"alinedeschamps";0;FALSE;FALSE;NA;NA;"FR"
"RT @andreamrau: François Husson on lots of ways to make #rstats packages +visible: books, websites, Shiny apps, forums, videos, vignettes,…";FALSE;0;NA;2016-06-24 09:22:23;FALSE;NA;"746272246356926464";NA;"<a href=""http://twitter.com"" rel=""nofollow"">Twitter Web Client</a>";"cbouveyron";1;TRUE;FALSE;NA;NA;"FR"
"François Husson on lots of ways to make #rstats packages +visible: books, websites, Shiny apps, forums, videos, vignettes, MOOCs! #RR2016";FALSE;3;NA;2016-06-24 09:08:18;FALSE;NA;"746268702933385216";NA;"<a href=""http://twitter.com/download/iphone"" rel=""nofollow"">Twitter for iPhone</a>";"andreamrau";1;FALSE;FALSE;NA;NA;"FR"
"François Husson hinting #Rcpp as a way to improve a package. #rr2016 https://t.co/6nWrOXERah";FALSE;8;NA;2016-06-24 08:45:54;FALSE;NA;"746263067491770368";NA;"<a href=""http://twitter.com/download/iphone"" rel=""nofollow"">Twitter for iPhone</a>";"romain_francois";0;FALSE;FALSE;NA;NA;"FR"
"RT @Lionning13: Si vous cherchez la station essence la moins chère proche de chez vous : https://t.co/CRbHltcu1e 
Fais avec Shiny de R #RR2…";FALSE;0;NA;2016-06-24 07:43:13;FALSE;NA;"746247290575282176";NA;"<a href=""http://twitter.com/download/android"" rel=""nofollow"">Twitter for Android</a>";"alinedeschamps";1;TRUE;FALSE;NA;NA;"FR"
"Si vous cherchez la station essence la moins chère proche de chez vous : https://t.co/CRbHltcu1e 
Fais avec Shiny de R #RR2016 #rstats";FALSE;0;NA;2016-06-24 07:36:31;FALSE;NA;"746245606704844800";NA;"<a href=""http://twitter.com/download/android"" rel=""nofollow"">Twitter for Android</a>";"Lionning13";1;FALSE;FALSE;NA;NA;"FR"
"Présentation du package #rAmCharts pour ""tuner"" ses graphs #RR2016 #pimpmygraph #dataviz https://t.co/zXDzJszdPV";FALSE;3;NA;2016-06-24 07:11:12;FALSE;NA;"746239233422041088";NA;"<a href=""http://twitter.com/download/android"" rel=""nofollow"">Twitter for Android</a>";"Tayfeun";1;FALSE;FALSE;NA;NA;"FR"
"RT @Lionning13: Dernier jour avec du monde pour la session visualisation #RR2016 #rstats https://t.co/mn2jzY5kPU";FALSE;0;NA;2016-06-24 07:10:21;FALSE;NA;"746239019671904256";NA;"<a href=""http://twitter.com/download/iphone"" rel=""nofollow"">Twitter for iPhone</a>";"andreamrau";1;TRUE;FALSE;NA;NA;"FR"
"RT @alinedeschamps: Dernière journée aux rencontres R Toulouse : c'est parti ! #RR2016 #rstats https://t.co/IWTS1g9wTI";FALSE;0;NA;2016-06-24 07:10:18;FALSE;NA;"746239007927869440";NA;"<a href=""http://twitter.com/download/iphone"" rel=""nofollow"">Twitter for iPhone</a>";"andreamrau";1;TRUE;FALSE;NA;NA;"FR"
"Dernier jour avec du monde pour la session visualisation #RR2016 #rstats https://t.co/mn2jzY5kPU";FALSE;3;NA;2016-06-24 07:00:45;FALSE;NA;"746236605782859776";NA;"<a href=""http://twitter.com/download/android"" rel=""nofollow"">Twitter for Android</a>";"Lionning13";1;FALSE;FALSE;NA;NA;"FR"
"Dernière journée aux rencontres R Toulouse : c'est parti ! #RR2016 #rstats https://t.co/IWTS1g9wTI";FALSE;0;NA;2016-06-24 06:59:42;FALSE;NA;"746236339943682048";NA;"<a href=""http://twitter.com/download/android"" rel=""nofollow"">Twitter for Android</a>";"alinedeschamps";1;FALSE;FALSE;NA;NA;"FR"
"RT @thinkR_fr: Utiliser #rstats en entreprise, migrer depuis un outil payant et maintenir : la table ronde #entreprise aux #RR2016 https://…";FALSE;0;NA;2016-06-24 05:26:48;FALSE;NA;"746212962336006144";NA;"<a href=""http://twitter.com/download/android"" rel=""nofollow"">Twitter for Android</a>";"Natty_V2";2;TRUE;FALSE;NA;NA;"FR"
"RT @alykisdata: La session #BigData des #RR2016 a du succès! https://t.co/AtnHHIIDHg";FALSE;0;NA;2016-06-24 00:24:41;FALSE;NA;"746136932015611905";NA;"<a href=""http://twitter.com/download/android"" rel=""nofollow"">Twitter for Android</a>";"_rgenuer_";7;TRUE;FALSE;NA;NA;"FR"
"RT @fbrunACTA: Formation Synthétiser connaissances en agriculture avec R, 5-7 sept 2016 à Montpellier @acta_asso  https://t.co/eHWgwthSc7 #…";FALSE;0;NA;2016-06-23 21:13:40;FALSE;NA;"746088858144620544";NA;"<a href=""http://twitter.com/download/android"" rel=""nofollow"">Twitter for Android</a>";"ACTA_asso";4;TRUE;FALSE;NA;NA;"FR"
"RT @fbrunACTA: Formation Synthétiser connaissances en agriculture avec R, 5-7 sept 2016 à Montpellier @acta_asso  https://t.co/eHWgwthSc7 #…";FALSE;0;NA;2016-06-23 21:09:48;FALSE;NA;"746087887922409476";NA;"<a href=""http://twitter.com/download/android"" rel=""nofollow"">Twitter for Android</a>";"marieSCP";4;TRUE;FALSE;NA;NA;"FR"
"RT @Natty_V2: Présentation de Sylvain Coppere, Keyrus à #RR2016 #rstats : R skills are a must have! https://t.co/pbkZVSAv66";FALSE;0;NA;2016-06-23 20:40:56;FALSE;NA;"746080623631155201";NA;"<a href=""http://twitter.com/download/iphone"" rel=""nofollow"">Twitter for iPhone</a>";"BouyssieM";2;TRUE;FALSE;NA;NA;"FR"
"RT @Lionning13: Pour celles et ceux qui veulent les slides du super tutoriel R2D² d'hier :
https://t.co/2R9rI2YG4J
#RR2016 #rstats";FALSE;0;NA;2016-06-23 20:29:37;FALSE;NA;"746077775732346881";NA;"<a href=""http://twitter.com/download/iphone"" rel=""nofollow"">Twitter for iPhone</a>";"ChrysGalissie";7;TRUE;FALSE;NA;NA;"FR"
"RT @alykisdata: La session #BigData des #RR2016 a du succès! https://t.co/AtnHHIIDHg";FALSE;0;NA;2016-06-23 19:24:26;FALSE;NA;"746061368760143873";NA;"<a href=""http://twitter.com/download/android"" rel=""nofollow"">Twitter for Android</a>";"LionelOwono";7;TRUE;FALSE;NA;NA;"FR"
"Soirée de gala pour les rencontres R #Toulouse avec le groupe ""Ali Alaoui &amp; Moultaqa Salam"", super ! #RR2016 #rstats https://t.co/Q3hEgmHN5X";FALSE;0;NA;2016-06-23 18:49:14;FALSE;NA;"746052513804259329";NA;"<a href=""http://twitter.com/download/android"" rel=""nofollow"">Twitter for Android</a>";"alinedeschamps";0;FALSE;FALSE;NA;NA;"FR"
"Soirée de gala place du capitole #RR2016 #rstats https://t.co/RwQJS0fTvy";FALSE;0;NA;2016-06-23 18:20:05;FALSE;NA;"746045177261850625";NA;"<a href=""http://twitter.com/download/android"" rel=""nofollow"">Twitter for Android</a>";"Lionning13";0;FALSE;FALSE;NA;NA;"FR"
"RT @Lionning13: Pour celles et ceux qui veulent les slides du super tutoriel R2D² d'hier :
https://t.co/2R9rI2YG4J
#RR2016 #rstats";FALSE;0;NA;2016-06-23 17:54:30;FALSE;NA;"746038737591799808";NA;"<a href=""http://twitter.com/download/android"" rel=""nofollow"">Twitter for Android</a>";"r_plus_plus";7;TRUE;FALSE;NA;NA;"FR"
"RT @alykisdata: La session #BigData des #RR2016 a du succès! https://t.co/AtnHHIIDHg";FALSE;0;NA;2016-06-23 17:52:39;FALSE;NA;"746038272246321152";NA;"<a href=""http://twitter.com/download/android"" rel=""nofollow"">Twitter for Android</a>";"r_plus_plus";7;TRUE;FALSE;NA;NA;"FR"
"RT @Natty_V2: Présentation de Sylvain Coppere, Keyrus à #RR2016 #rstats : R skills are a must have! https://t.co/pbkZVSAv66";FALSE;0;NA;2016-06-23 16:56:01;FALSE;NA;"746024019137277952";NA;"<a href=""https://play.google.com/store/apps/details?id=org.mariotaku.twidere"" rel=""nofollow"">Twidere for Android #4</a>";"geraudster";2;TRUE;FALSE;NA;NA;"FR"
"RT @alykisdata: La session #BigData des #RR2016 a du succès! https://t.co/AtnHHIIDHg";FALSE;0;NA;2016-06-23 16:12:30;FALSE;NA;"746013067541118976";NA;"<a href=""http://www.vmug.org.uk"" rel=""nofollow"">VMUG</a>";"BDUGUK";7;TRUE;FALSE;NA;NA;"FR"
"RT @alykisdata: La session #BigData des #RR2016 a du succès! https://t.co/AtnHHIIDHg";FALSE;0;NA;2016-06-23 16:10:52;FALSE;NA;"746012657006841856";NA;"<a href=""http://twitter.com/download/iphone"" rel=""nofollow"">Twitter for iPhone</a>";"andreamrau";7;TRUE;FALSE;NA;NA;"FR"
"Présentation de Sylvain Coppere, Keyrus à #RR2016 #rstats : R skills are a must have! https://t.co/pbkZVSAv66";FALSE;1;NA;2016-06-23 16:08:40;FALSE;NA;"746012104474374144";NA;"<a href=""http://twitter.com/download/android"" rel=""nofollow"">Twitter for Android</a>";"Natty_V2";2;FALSE;FALSE;NA;NA;"FR"
"RT @alykisdata: La session #BigData des #RR2016 a du succès! https://t.co/AtnHHIIDHg";FALSE;0;NA;2016-06-23 15:57:11;FALSE;NA;"746009214242422784";NA;"<a href=""http://twitter.com/download/android"" rel=""nofollow"">Twitter for Android</a>";"Natty_V2";7;TRUE;FALSE;NA;NA;"FR"
"RT @alykisdata: La session #BigData des #RR2016 a du succès! https://t.co/AtnHHIIDHg";FALSE;0;NA;2016-06-23 15:31:53;FALSE;NA;"746002847750197248";NA;"<a href=""https://zehusdotfr.wordpress.com"" rel=""nofollow"">JF ROCHE</a>";"Zehus_france";7;TRUE;FALSE;NA;NA;"FR"
"RT @thinkR_fr: Utiliser #rstats en entreprise, migrer depuis un outil payant et maintenir : la table ronde #entreprise aux #RR2016 https://…";FALSE;0;NA;2016-06-23 15:31:16;FALSE;NA;"746002692233891841";NA;"<a href=""http://twitter.com"" rel=""nofollow"">Twitter Web Client</a>";"Victpir";2;TRUE;FALSE;NA;NA;"FR"
"La session #BigData des #RR2016 a du succès! https://t.co/AtnHHIIDHg";FALSE;4;NA;2016-06-23 15:30:10;FALSE;NA;"746002413761495040";NA;"<a href=""http://twitter.com/download/android"" rel=""nofollow"">Twitter for Android</a>";"alykisdata";7;FALSE;FALSE;NA;NA;"FR"
"Promenade en forêt avec @_rgenuer_ #rstats #RR2016 https://t.co/mqcBCBqqFA";FALSE;1;NA;2016-06-23 15:05:46;FALSE;NA;"745996272805502976";NA;"<a href=""http://twitter.com/download/android"" rel=""nofollow"">Twitter for Android</a>";"Lionning13";0;FALSE;FALSE;NA;NA;"FR"
"RT @Lionning13: Réflexions intéressantes sur la place des femmes dans la communauté R #RR2016 #rstats https://t.co/zOIfCMdUnA";FALSE;0;NA;2016-06-23 14:56:19;FALSE;NA;"745993897445294080";NA;"<a href=""http://twitter.com/download/android"" rel=""nofollow"">Twitter for Android</a>";"alinedeschamps";1;TRUE;FALSE;NA;NA;"FR"
"Keyrus présent aux journées R de Toulouse #RR2016 #rstats https://t.co/Ia4uSbMk9d";FALSE;4;NA;2016-06-23 14:54:32;FALSE;NA;"745993449107783680";NA;"<a href=""http://twitter.com/download/iphone"" rel=""nofollow"">Twitter for iPhone</a>";"Gju33Julien";0;FALSE;FALSE;NA;NA;"FR"
"RT @Lionning13: Pour celles et ceux qui veulent les slides du super tutoriel R2D² d'hier :
https://t.co/2R9rI2YG4J
#RR2016 #rstats";FALSE;0;NA;2016-06-23 13:51:24;FALSE;NA;"745977558034948097";NA;"<a href=""http://twitter.com/download/android"" rel=""nofollow"">Twitter for Android</a>";"Natty_V2";7;TRUE;FALSE;NA;NA;"FR"
"Réflexions intéressantes sur la place des femmes dans la communauté R #RR2016 #rstats https://t.co/zOIfCMdUnA";FALSE;3;NA;2016-06-23 13:37:51;FALSE;NA;"745974151597404160";NA;"<a href=""http://twitter.com/download/android"" rel=""nofollow"">Twitter for Android</a>";"Lionning13";1;FALSE;FALSE;NA;NA;"FR"
"RT @fbrunACTA: Formation Synthétiser connaissances en agriculture avec R, 5-7 sept 2016 à Montpellier @acta_asso  https://t.co/eHWgwthSc7 #…";FALSE;0;NA;2016-06-23 13:36:14;FALSE;NA;"745973741629349888";NA;"<a href=""http://twitter.com/download/android"" rel=""nofollow"">Twitter for Android</a>";"AgriG33k";4;TRUE;FALSE;NA;NA;"FR"
"RT @alinedeschamps: 5èmes rencontres R Toulouse : partage d'expériences sur l'utilisation de R en entreprise, ça parle même de #Docker ! ^^…";FALSE;0;NA;2016-06-23 13:34:27;FALSE;NA;"745973292905926656";NA;"<a href=""http://twitter.com/download/iphone"" rel=""nofollow"">Twitter for iPhone</a>";"andreamrau";2;TRUE;FALSE;NA;NA;"FR"
"RT @alinedeschamps: 5èmes rencontres R Toulouse : partage d'expériences sur l'utilisation de R en entreprise, ça parle même de #Docker ! ^^…";FALSE;0;NA;2016-06-23 13:09:29;FALSE;NA;"745967009259741184";NA;"<a href=""https://play.google.com/store/apps/details?id=org.mariotaku.twidere"" rel=""nofollow"">Twidere for Android #4</a>";"geraudster";2;TRUE;FALSE;NA;NA;"FR"
"5èmes rencontres R Toulouse : partage d'expériences sur l'utilisation de R en entreprise, ça parle même de #Docker ! ^^ #RR2016 #rstats";FALSE;1;NA;2016-06-23 13:04:02;FALSE;NA;"745965637919453184";NA;"<a href=""http://twitter.com/download/android"" rel=""nofollow"">Twitter for Android</a>";"alinedeschamps";2;FALSE;FALSE;NA;NA;"FR"
"RT @Lionning13: Pour celles et ceux qui veulent les slides du super tutoriel R2D² d'hier :
https://t.co/2R9rI2YG4J
#RR2016 #rstats";FALSE;0;NA;2016-06-23 13:02:38;FALSE;NA;"745965286168354816";NA;"<a href=""http://twitter.com"" rel=""nofollow"">Twitter Web Client</a>";"privaGRAPH";7;TRUE;FALSE;NA;NA;"FR"
"RT @Lionning13: Pour celles et ceux qui veulent les slides du super tutoriel R2D² d'hier :
https://t.co/2R9rI2YG4J
#RR2016 #rstats";FALSE;0;NA;2016-06-23 13:02:23;FALSE;NA;"745965223505461248";NA;"<a href=""http://twitter.com/download/android"" rel=""nofollow"">Twitter for Android</a>";"alinedeschamps";7;TRUE;FALSE;NA;NA;"FR"
"RT @Lionning13: Pour celles et ceux qui veulent les slides du super tutoriel R2D² d'hier :
https://t.co/2R9rI2YG4J
#RR2016 #rstats";FALSE;0;NA;2016-06-23 12:40:23;FALSE;NA;"745959687313559552";NA;"<a href=""http://twitter.com"" rel=""nofollow"">Twitter Web Client</a>";"melinaGALLOPIN";7;TRUE;FALSE;NA;NA;"FR"
"Pour celles et ceux qui veulent les slides du super tutoriel R2D² d'hier :
https://t.co/2R9rI2YG4J
#RR2016 #rstats";FALSE;7;NA;2016-06-23 12:36:38;FALSE;NA;"745958742261391360";NA;"<a href=""http://twitter.com"" rel=""nofollow"">Twitter Web Client</a>";"Lionning13";7;FALSE;FALSE;NA;NA;"FR"
"RT @Lionning13: Pause déjeuner #RR2016 #rstats https://t.co/atBRYeTynO";FALSE;0;NA;2016-06-23 12:26:33;FALSE;NA;"745956205831528448";NA;"<a href=""https://mobile.twitter.com"" rel=""nofollow"">Mobile Web (M2)</a>";"MamzelleBulle35";2;TRUE;FALSE;NA;NA;"FR"
"Utiliser #rstats en entreprise, migrer depuis un outil payant et maintenir : la table ronde #entreprise aux #RR2016 https://t.co/YECMpiBaqi";FALSE;3;NA;2016-06-23 12:15:51;FALSE;NA;"745953514967404545";NA;"<a href=""http://twitter.com/download/android"" rel=""nofollow"">Twitter for Android</a>";"thinkR_fr";2;FALSE;FALSE;NA;NA;"FR"
"RT @fbrunACTA: Formation Synthétiser connaissances en agriculture avec R, 5-7 sept 2016 à Montpellier @acta_asso  https://t.co/eHWgwthSc7 #…";FALSE;0;NA;2016-06-23 12:13:39;FALSE;NA;"745952958362292224";NA;"<a href=""http://twitter.com/download/android"" rel=""nofollow"">Twitter for Android</a>";"pircasa";4;TRUE;FALSE;NA;NA;"FR"
"Formation Synthétiser connaissances en agriculture avec R, 5-7 sept 2016 à Montpellier @acta_asso  https://t.co/eHWgwthSc7 #rstats #RR2016";FALSE;0;NA;2016-06-23 12:06:48;FALSE;NA;"745951237124816896";NA;"<a href=""http://twitter.com"" rel=""nofollow"">Twitter Web Client</a>";"fbrunACTA";4;FALSE;FALSE;NA;NA;"FR"
"RT @StatFr: Discours d'ouverture des 5èmes rencontres R à Toulouse #RR2016 #rstats https://t.co/6nIANcYJNA";FALSE;0;NA;2016-06-23 11:32:12;FALSE;NA;"745942528386547712";NA;"<a href=""https://about.twitter.com/products/tweetdeck"" rel=""nofollow"">TweetDeck</a>";"Imsepp972";5;TRUE;FALSE;NA;NA;"FR"
"RT @Lionning13: Pause déjeuner #RR2016 #rstats https://t.co/atBRYeTynO";FALSE;0;NA;2016-06-23 11:24:29;FALSE;NA;"745940585471688704";NA;"<a href=""https://play.google.com/store/apps/details?id=org.mariotaku.twidere"" rel=""nofollow"">Twidere for Android #4</a>";"geraudster";2;TRUE;FALSE;NA;NA;"FR"
"Pause déjeuner #RR2016 #rstats https://t.co/atBRYeTynO";FALSE;4;NA;2016-06-23 10:39:15;FALSE;NA;"745929205624496128";NA;"<a href=""http://twitter.com/download/android"" rel=""nofollow"">Twitter for Android</a>";"Lionning13";2;FALSE;FALSE;NA;NA;"FR"
"5èmes rencontres R #Toulouse : c'est l'heure du pique-nique en extérieur ^^ #RR2016 #rstats https://t.co/3xPMEo0bov";FALSE;0;NA;2016-06-23 10:38:47;FALSE;NA;"745929084967002112";NA;"<a href=""http://twitter.com/download/android"" rel=""nofollow"">Twitter for Android</a>";"alinedeschamps";0;FALSE;FALSE;NA;NA;"FR"
"RT @StatFr: Discours d'ouverture des 5èmes rencontres R à Toulouse #RR2016 #rstats https://t.co/6nIANcYJNA";FALSE;0;NA;2016-06-23 10:19:09;FALSE;NA;"745924144777338880";NA;"<a href=""http://twitter.com/download/android"" rel=""nofollow"">Twitter for Android</a>";"seb_loustau";5;TRUE;FALSE;NA;NA;"FR"
"RT @thinkR_fr: Toulouse, 2 minutes d'arrêt : @thinkR_fr est aux #RR2016... avec le soleil et les mojitos https://t.co/efnEJnTTWn";FALSE;0;NA;2016-06-23 08:47:38;FALSE;NA;"745901114785169409";NA;"<a href=""http://twitter.com/download/android"" rel=""nofollow"">Twitter for Android</a>";"DianeBELDAME";1;TRUE;FALSE;NA;NA;"FR"
"On continue les conférences du jour aux cinquièmes rencontres R Toulouse #RR2016 #rstats https://t.co/o9X2BvSDYH";FALSE;3;NA;2016-06-23 08:32:36;FALSE;NA;"745897330608640002";NA;"<a href=""http://twitter.com/download/android"" rel=""nofollow"">Twitter for Android</a>";"alinedeschamps";0;FALSE;FALSE;NA;NA;"FR"
"RT @Lionning13: Discours de la présidente du comité scientifique @andreamrau #rstats #RR2016 https://t.co/RlnTv5UnFW";FALSE;0;NA;2016-06-23 07:11:54;FALSE;NA;"745877021541208066";NA;"<a href=""http://twitter.com/download/android"" rel=""nofollow"">Twitter for Android</a>";"alinedeschamps";2;TRUE;FALSE;NA;NA;"FR"
"RT @Lionning13: Discours de la présidente du comité scientifique @andreamrau #rstats #RR2016 https://t.co/RlnTv5UnFW";FALSE;0;NA;2016-06-23 07:08:58;FALSE;NA;"745876283876384768";NA;"<a href=""http://twitter.com"" rel=""nofollow"">Twitter Web Client</a>";"bedhom";2;TRUE;FALSE;NA;NA;"FR"
"RT @StatFr: Discours d'ouverture des 5èmes rencontres R à Toulouse #RR2016 #rstats https://t.co/6nIANcYJNA";FALSE;0;NA;2016-06-23 07:08:50;FALSE;NA;"745876252037423104";NA;"<a href=""http://twitter.com"" rel=""nofollow"">Twitter Web Client</a>";"bedhom";5;TRUE;FALSE;NA;NA;"FR"
"Présentation du package Bioconductor par Pascal Martin #rstats #RR2016 #bioinformatique https://t.co/TTTsLhgTHd";FALSE;1;NA;2016-06-23 07:02:52;FALSE;NA;"745874751072141312";NA;"<a href=""http://twitter.com/download/android"" rel=""nofollow"">Twitter for Android</a>";"Lionning13";0;FALSE;FALSE;NA;NA;"FR"
"RT @StatFr: Discours d'ouverture des 5èmes rencontres R à Toulouse #RR2016 #rstats https://t.co/6nIANcYJNA";FALSE;0;NA;2016-06-23 06:56:06;FALSE;NA;"745873044581851140";NA;"<a href=""http://twitter.com/download/iphone"" rel=""nofollow"">Twitter for iPhone</a>";"andreamrau";5;TRUE;FALSE;NA;NA;"FR"
"Discours de la présidente du comité scientifique @andreamrau #rstats #RR2016 https://t.co/RlnTv5UnFW";FALSE;3;NA;2016-06-23 06:51:35;FALSE;NA;"745871908177059840";NA;"<a href=""http://twitter.com/download/android"" rel=""nofollow"">Twitter for Android</a>";"Lionning13";2;FALSE;FALSE;NA;NA;"FR"
"Discours de la grande chef #rstats #RR2016 https://t.co/vvGJDkvQnL";FALSE;3;NA;2016-06-23 06:49:38;FALSE;NA;"745871419075137536";NA;"<a href=""http://twitter.com/download/android"" rel=""nofollow"">Twitter for Android</a>";"Lionning13";0;FALSE;FALSE;NA;NA;"FR"
"Coup d'envoi #RR2016 ! https://t.co/ujHA2y0Eb5";FALSE;1;NA;2016-06-23 06:45:37;FALSE;NA;"745870407371206656";NA;"<a href=""http://twitter.com/download/android"" rel=""nofollow"">Twitter for Android</a>";"thinkR_fr";0;FALSE;FALSE;NA;NA;"FR"
"Discours d'ouverture des 5èmes rencontres R à Toulouse #RR2016 #rstats https://t.co/6nIANcYJNA";FALSE;10;NA;2016-06-23 06:42:21;FALSE;NA;"745869584583004160";NA;"<a href=""http://twitter.com/download/android"" rel=""nofollow"">Twitter for Android</a>";"StatFr";5;FALSE;FALSE;NA;NA;"FR"
"Préparation poster #RR2016 #rstats https://t.co/l06QGzOAET";FALSE;3;NA;2016-06-23 06:07:37;FALSE;NA;"745860845524107264";NA;"<a href=""http://twitter.com/download/android"" rel=""nofollow"">Twitter for Android</a>";"Lionning13";0;FALSE;FALSE;NA;NA;"FR"
"@alinedeschamps Content d'avoir plu! #rr2016";FALSE;1;"alinedeschamps";2016-06-22 22:46:00;FALSE;"745674021296017408";"745749709382369280";"237279906";"<a href=""http://twitter.com"" rel=""nofollow"">Twitter Web Client</a>";"MeseiraFr";0;FALSE;FALSE;NA;NA;"FR"
"RT @alinedeschamps: 5èmes rencontres R #Toulouse  : merci pour le sac et les goodies ! ;) #RR2016 #rstats https://t.co/uf2mYSRfeR";FALSE;0;NA;2016-06-22 21:57:38;FALSE;NA;"745737538443296769";NA;"<a href=""http://twitter.com/download/android"" rel=""nofollow"">Twitter for Android</a>";"thinkR_fr";2;TRUE;FALSE;NA;NA;"FR"
"@Natty_V2 @melinaGALLOPIN Il me faut ton vernis en urgence alors!! #RR2016 #rstats";FALSE;2;"Natty_V2";2016-06-22 19:16:06;FALSE;"745625575432294401";"745696886233927682";"457517520";"<a href=""http://twitter.com/download/iphone"" rel=""nofollow"">Twitter for iPhone</a>";"andreamrau";0;FALSE;FALSE;NA;NA;"FR"
"RT @Natty_V2: Si ce détail vous avait échappé, le code couleur de #RR2016 #rstats, c'est noir et rose ! https://t.co/zhY5AcJH3z";FALSE;0;NA;2016-06-22 19:14:47;FALSE;NA;"745696554854522880";NA;"<a href=""http://twitter.com/download/iphone"" rel=""nofollow"">Twitter for iPhone</a>";"andreamrau";1;TRUE;FALSE;NA;NA;"FR"
"RT @alinedeschamps: 5èmes rencontres R #Toulouse  : merci pour le sac et les goodies ! ;) #RR2016 #rstats https://t.co/uf2mYSRfeR";FALSE;0;NA;2016-06-22 18:51:34;FALSE;NA;"745690713132830720";NA;"<a href=""http://twitter.com/download/iphone"" rel=""nofollow"">Twitter for iPhone</a>";"andreamrau";2;TRUE;FALSE;NA;NA;"FR"
"Tutoriel super intéressant, pas vu le temps passer et je repars avec plein d'idées à tester, merci ! #RR2016 #rstats https://t.co/g8DRWJb5pN";FALSE;3;NA;2016-06-22 17:45:15;FALSE;NA;"745674021296017408";NA;"<a href=""http://twitter.com/download/android"" rel=""nofollow"">Twitter for Android</a>";"alinedeschamps";0;FALSE;FALSE;NA;NA;"FR"
"5èmes rencontres R #Toulouse  : merci pour le sac et les goodies ! ;) #RR2016 #rstats https://t.co/uf2mYSRfeR";FALSE;2;NA;2016-06-22 17:43:17;FALSE;NA;"745673528075292672";NA;"<a href=""http://twitter.com/download/android"" rel=""nofollow"">Twitter for Android</a>";"alinedeschamps";2;FALSE;FALSE;NA;NA;"FR"
"Toulouse, 2 minutes d'arrêt : @thinkR_fr est aux #RR2016... avec le soleil et les mojitos https://t.co/efnEJnTTWn";FALSE;1;NA;2016-06-22 17:15:05;FALSE;NA;"745666429828096000";NA;"<a href=""http://twitter.com/download/android"" rel=""nofollow"">Twitter for Android</a>";"thinkR_fr";1;FALSE;FALSE;NA;NA;"FR"
"Pot d'accueil aux 5èmes rencontres R #rstats #RR2016 https://t.co/AEuQGXYtTz";FALSE;4;NA;2016-06-22 15:11:44;FALSE;NA;"745635388539150336";NA;"<a href=""http://twitter.com/download/android"" rel=""nofollow"">Twitter for Android</a>";"Lionning13";0;FALSE;FALSE;NA;NA;"FR"
"RT @alinedeschamps: C'est parti pour le tutoriel R2D2 par Sébastien Déjean &amp; Xavier Gendre aux rencontres R Toulouse ! #RR2016 #rstats http…";FALSE;0;NA;2016-06-22 14:52:05;FALSE;NA;"745630444763381760";NA;"<a href=""http://twitter.com"" rel=""nofollow"">Twitter Web Client</a>";"IcySoft";2;TRUE;FALSE;NA;NA;"FR"
"Si ce détail vous avait échappé, le code couleur de #RR2016 #rstats, c'est noir et rose ! https://t.co/zhY5AcJH3z";FALSE;8;NA;2016-06-22 14:32:44;FALSE;NA;"745625575432294401";NA;"<a href=""http://twitter.com"" rel=""nofollow"">Twitter Web Client</a>";"Natty_V2";1;FALSE;FALSE;NA;NA;"FR"
"RT @StatFr: Aujourd'hui, tutoriels des 5èmes rencontres R à Toulouse. Une manifestation parrainée par la SFdS #RR2016";FALSE;0;NA;2016-06-22 12:47:24;FALSE;NA;"745599066613088256";NA;"<a href=""http://twitter.com"" rel=""nofollow"">Twitter Web Client</a>";"Imsepp972";4;TRUE;FALSE;NA;NA;"FR"
"RT @StatFr: Aujourd'hui, tutoriels des 5èmes rencontres R à Toulouse. Une manifestation parrainée par la SFdS #RR2016";FALSE;0;NA;2016-06-22 12:44:19;FALSE;NA;"745598289500901376";NA;"<a href=""http://twitter.com"" rel=""nofollow"">Twitter Web Client</a>";"Natty_V2";4;TRUE;FALSE;NA;NA;"FR"
"Les padawans en plein travail #RR2016 https://t.co/avz40NWuyN";FALSE;2;NA;2016-06-22 12:42:47;FALSE;NA;"745597905566838784";NA;"<a href=""http://twitter.com/download/android"" rel=""nofollow"">Twitter for Android</a>";"Lionning13";0;FALSE;FALSE;NA;NA;"FR"
"RT @Xtophe_Bontemps: C'est parti pour les tutoriels des rencontres R de Toulouse #RR2016 https://t.co/v1zjHe4uGp";FALSE;0;NA;2016-06-22 12:42:42;FALSE;NA;"745597881390866433";NA;"<a href=""http://twitter.com"" rel=""nofollow"">Twitter Web Client</a>";"Natty_V2";1;TRUE;FALSE;NA;NA;"FR"
"RT @Lionning13: Je sais qui a kidnappé le soleil : les cinquièmes rencontres R #RR2016 #rstats";FALSE;0;NA;2016-06-22 12:26:13;FALSE;NA;"745593734960644097";NA;"<a href=""http://twitter.com"" rel=""nofollow"">Twitter Web Client</a>";"alinedeschamps";2;TRUE;FALSE;NA;NA;"FR"
"RT @alinedeschamps: C'est parti pour le tutoriel R2D2 par Sébastien Déjean &amp; Xavier Gendre aux rencontres R Toulouse ! #RR2016 #rstats http…";FALSE;0;NA;2016-06-22 12:23:00;FALSE;NA;"745592927141957633";NA;"<a href=""http://twitter.com/download/iphone"" rel=""nofollow"">Twitter for iPhone</a>";"andreamrau";2;TRUE;FALSE;NA;NA;"FR"
"RT @Lionning13: Je sais qui a kidnappé le soleil : les cinquièmes rencontres R #RR2016 #rstats";FALSE;0;NA;2016-06-22 12:22:31;FALSE;NA;"745592802445238273";NA;"<a href=""http://twitter.com/download/iphone"" rel=""nofollow"">Twitter for iPhone</a>";"andreamrau";2;TRUE;FALSE;NA;NA;"FR"
"C'est parti pour les tutoriels des rencontres R de Toulouse #RR2016 https://t.co/v1zjHe4uGp";FALSE;2;NA;2016-06-22 12:22:17;FALSE;NA;"745592746551951360";NA;"<a href=""http://twitter.com/download/iphone"" rel=""nofollow"">Twitter for iPhone</a>";"Xtophe_Bontemps";1;FALSE;FALSE;NA;NA;"FR"
"#RR2016 Début du tutoriel R2D2. https://t.co/sLLn7DWXC6";FALSE;6;NA;2016-06-22 12:08:29;FALSE;NA;"745589272800038912";NA;"<a href=""http://twitter.com/download/android"" rel=""nofollow"">Twitter for Android</a>";"Lionning13";0;FALSE;FALSE;NA;NA;"FR"
"C'est parti pour le tutoriel R2D2 par Sébastien Déjean &amp; Xavier Gendre aux rencontres R Toulouse ! #RR2016 #rstats https://t.co/YnfZw6zCEU";FALSE;6;NA;2016-06-22 11:39:35;FALSE;NA;"745581999981797376";NA;"<a href=""http://twitter.com/download/android"" rel=""nofollow"">Twitter for Android</a>";"alinedeschamps";2;FALSE;FALSE;NA;NA;"FR"
"RT @StatFr: Aujourd'hui, tutoriels des 5èmes rencontres R à Toulouse. Une manifestation parrainée par la SFdS #RR2016";FALSE;0;NA;2016-06-22 11:16:21;FALSE;NA;"745576150244667392";NA;"<a href=""http://twitter.com"" rel=""nofollow"">Twitter Web Client</a>";"ValRobert974";4;TRUE;FALSE;NA;NA;"FR"
"Je sais qui a kidnappé le soleil : les cinquièmes rencontres R #RR2016 #rstats";FALSE;1;NA;2016-06-22 09:56:14;FALSE;NA;"745555991572291584";NA;"<a href=""http://twitter.com/download/android"" rel=""nofollow"">Twitter for Android</a>";"Lionning13";2;FALSE;FALSE;NA;NA;"FR"
"RT @StatFr: Aujourd'hui, tutoriels des 5èmes rencontres R à Toulouse. Une manifestation parrainée par la SFdS #RR2016";FALSE;0;NA;2016-06-22 06:37:17;FALSE;NA;"745505924014452737";NA;"<a href=""http://twitter.com/download/android"" rel=""nofollow"">Twitter for Android</a>";"Lionning13";4;TRUE;FALSE;NA;NA;"FR"
"Aujourd'hui, tutoriels des 5èmes rencontres R à Toulouse. Une manifestation parrainée par la SFdS #RR2016";FALSE;2;NA;2016-06-22 06:27:08;FALSE;NA;"745503370408931329";NA;"<a href=""http://twitter.com/download/android"" rel=""nofollow"">Twitter for Android</a>";"StatFr";4;FALSE;FALSE;NA;NA;"FR"
"En route pour les 5èmes rencontres R à #Toulouse, c'est parti ! :D #rr2016 #rstats https://t.co/E0tmi0A2SY";FALSE;2;NA;2016-06-22 04:28:42;FALSE;NA;"745473564237660169";NA;"<a href=""http://twitter.com/download/android"" rel=""nofollow"">Twitter for Android</a>";"alinedeschamps";0;FALSE;FALSE;NA;NA;"FR"
"Thanks again for coming to #RR2016 #rstats @hafenstats and @HeathrTurnr -- hope you enjoyed Toulouse and your French immersion experience! <ed><U+00A0><U+00BD><ed><U+00B8><U+0089>";FALSE;4;NA;2016-06-24 16:42:56;FALSE;NA;"746383116911149056";NA;"<a href=""http://twitter.com/download/iphone"" rel=""nofollow"">Twitter for iPhone</a>";"andreamrau";0;FALSE;FALSE;NA;NA;"EN"
"@bhive01 #RR2016 was in toulouse but yeah those are from Bordeaux";FALSE;1;"bhive01";2016-06-24 14:22:45;FALSE;"746341698138144769";"746347836237819904";"12296332";"<a href=""http://twitter.com/download/iphone"" rel=""nofollow"">Twitter for iPhone</a>";"romain_francois";0;FALSE;FALSE;NA;NA;"EN"
"This is the end <ed><U+00A0><U+00BD><ed><U+00B8><U+0081> Excellent Rencotres R #rr2016 #rstats <ed><U+00A0><U+00BD><ed><U+00B8><U+008F> https://t.co/szGirRSGA1";FALSE;4;NA;2016-06-24 13:51:13;FALSE;NA;"746339902594359296";NA;"<a href=""http://twitter.com/download/iphone"" rel=""nofollow"">Twitter for iPhone</a>";"InoaIgnacio";1;FALSE;FALSE;NA;NA;"EN"
"RT @R_Graph_Gallery: My slides concerning #rstats and #dataviz during #RR2016. Thanks to the organization! https://t.co/PnKKlCjuJE";FALSE;0;NA;2016-06-24 12:01:34;FALSE;NA;"746312306427072512";NA;"<a href=""http://twitter.com"" rel=""nofollow"">Twitter Web Client</a>";"DGouache_AgRnD";5;TRUE;FALSE;NA;NA;"EN"
"RT @HeathrTurnr: The French R community show us how it's done #rstats #RR2016  https://t.co/0dHoTWvtrm";FALSE;0;NA;2016-06-24 10:33:07;FALSE;NA;"746290049696731137";NA;"<a href=""http://twitter.com/download/android"" rel=""nofollow"">Twitter for Android</a>";"pierreroudier";8;TRUE;FALSE;NA;NA;"EN"
"RT @HeathrTurnr: The French R community show us how it's done #rstats #RR2016  https://t.co/0dHoTWvtrm";FALSE;0;NA;2016-06-24 10:29:49;FALSE;NA;"746289218641596416";NA;"<a href=""http://twitter.com/download/iphone"" rel=""nofollow"">Twitter for iPhone</a>";"romain_francois";8;TRUE;FALSE;NA;NA;"EN"
"RT @R_Graph_Gallery: My slides concerning #rstats and #dataviz during #RR2016. Thanks to the organization! https://t.co/PnKKlCjuJE";FALSE;0;NA;2016-06-24 09:58:37;FALSE;NA;"746281363834310656";NA;"<a href=""http://twitter.com/download/android"" rel=""nofollow"">Twitter for Android</a>";"Natty_V2";5;TRUE;FALSE;NA;NA;"EN"
"A random shot during my #wedding #photoshoot #RR2016 Dress by: jeanpierretohme  hair by:… https://t.co/bjrbHqtGtg";FALSE;0;NA;2016-06-24 09:20:17;FALSE;NA;"746271717157408768";NA;"<a href=""http://instagram.com"" rel=""nofollow"">Instagram</a>";"RitaDFahed";0;FALSE;FALSE;NA;NA;"EN"
"RT @thinkR_fr: #RR2016 Flamenco time ! #rstats https://t.co/nkadgyDW10";FALSE;0;NA;2016-06-24 09:08:18;FALSE;NA;"746268702430101505";NA;"<a href=""https://mobile.twitter.com"" rel=""nofollow"">Mobile Web (M2)</a>";"MamzelleBulle35";1;TRUE;FALSE;NA;NA;"EN"
"Thank you @melinaGALLOPIN ! Awesome visualization session this morning @ #rr2016";FALSE;2;"melinaGALLOPIN";2016-06-24 08:54:29;FALSE;"746263139923140608";"746265226186723328";"36752136";"<a href=""http://twitter.com/download/iphone"" rel=""nofollow"">Twitter for iPhone</a>";"InoaIgnacio";0;FALSE;FALSE;NA;NA;"EN"
"RT @R_Graph_Gallery: My slides concerning #rstats and #dataviz during #RR2016. Thanks to the organization! https://t.co/PnKKlCjuJE";FALSE;0;NA;2016-06-24 08:02:20;FALSE;NA;"746252101207080960";NA;"<a href=""http://twitter.com/download/iphone"" rel=""nofollow"">Twitter for iPhone</a>";"melinaGALLOPIN";5;TRUE;FALSE;NA;NA;"EN"
"RT @R_Graph_Gallery: My slides concerning #rstats and #dataviz during #RR2016. Thanks to the organization! https://t.co/PnKKlCjuJE";FALSE;0;NA;2016-06-24 07:59:59;FALSE;NA;"746251511542464512";NA;"<a href=""http://twitter.com/download/android"" rel=""nofollow"">Twitter for Android</a>";"alinedeschamps";5;TRUE;FALSE;NA;NA;"EN"
"@R_Graph_Gallery thanks for the presentation at #rr2016 and the ideas pool! Will definitely check it out. #rstats  #dataviz";FALSE;0;"R_Graph_Gallery";2016-06-24 07:58:30;FALSE;"746250014180118529";"746251137989378048";"701504334341734400";"<a href=""http://twitter.com/download/android"" rel=""nofollow"">Twitter for Android</a>";"alykisdata";0;FALSE;FALSE;NA;NA;"EN"
"My slides concerning #rstats and #dataviz during #RR2016. Thanks to the organization! https://t.co/PnKKlCjuJE";FALSE;10;NA;2016-06-24 07:54:02;FALSE;NA;"746250014180118529";NA;"<a href=""http://twitter.com"" rel=""nofollow"">Twitter Web Client</a>";"R_Graph_Gallery";5;FALSE;FALSE;NA;NA;"EN"
"RT @romain_francois: 3 speakers and a jedi on a <U+26A1><U+FE0F> talk. #RR2016 https://t.co/O9ECUFDDi6";FALSE;0;NA;2016-06-24 06:11:12;FALSE;NA;"746224134858780674";NA;"<a href=""http://twitter.com/download/android"" rel=""nofollow"">Twitter for Android</a>";"Natty_V2";2;TRUE;FALSE;NA;NA;"EN"
"RT @alykisdata: Crowded room at #RR2016 for @hafenstats presentation on #bigdata #analysis and #visualisation! https://t.co/q6Nfy4iLNI";FALSE;0;NA;2016-06-24 01:12:23;FALSE;NA;"746148935824195584";NA;"<a href=""http://twitter.com"" rel=""nofollow"">Twitter Web Client</a>";"hafenstats";3;TRUE;FALSE;NA;NA;"EN"
"RT @HeathrTurnr: The French R community show us how it's done #rstats #RR2016  https://t.co/0dHoTWvtrm";FALSE;0;NA;2016-06-24 00:09:00;FALSE;NA;"746132982486949888";NA;"<a href=""http://twitter.com/download/android"" rel=""nofollow"">Twitter for Android</a>";"alinedeschamps";8;TRUE;FALSE;NA;NA;"EN"
"RT @HeathrTurnr: The French R community show us how it's done #rstats #RR2016  https://t.co/0dHoTWvtrm";FALSE;0;NA;2016-06-23 20:28:41;FALSE;NA;"746077540595412992";NA;"<a href=""http://twitter.com/download/iphone"" rel=""nofollow"">Twitter for iPhone</a>";"ChrysGalissie";8;TRUE;FALSE;NA;NA;"EN"
"RT @romain_francois: Still @HeathrTurnr on @RConsortium projects at #RR2016 https://t.co/fhDbSCnaYi";FALSE;0;NA;2016-06-23 19:35:04;FALSE;NA;"746064045967544320";NA;"<a href=""http://twitter.com"" rel=""nofollow"">Twitter Web Client</a>";"spkaluzny";1;TRUE;FALSE;NA;NA;"EN"
"#RR2016 Flamenco time ! #rstats https://t.co/nkadgyDW10";FALSE;1;NA;2016-06-23 18:41:02;FALSE;NA;"746050447149043713";NA;"<a href=""http://twitter.com/download/android"" rel=""nofollow"">Twitter for Android</a>";"thinkR_fr";1;FALSE;FALSE;NA;NA;"EN"
"RT @Xtophe_Bontemps: Heather Turner at #RR2016 #rstats : only 9% of women at UseR conf less than 15% of package authors ""female"" https://t.…";FALSE;0;NA;2016-06-23 17:54:44;FALSE;NA;"746038797062836224";NA;"<a href=""http://twitter.com/download/android"" rel=""nofollow"">Twitter for Android</a>";"r_plus_plus";5;TRUE;FALSE;NA;NA;"EN"
"RT @HeathrTurnr: The French R community show us how it's done #rstats #RR2016  https://t.co/0dHoTWvtrm";FALSE;0;NA;2016-06-23 17:22:45;FALSE;NA;"746030747132235776";NA;"<a href=""http://twitter.com/download/iphone"" rel=""nofollow"">Twitter for iPhone</a>";"andreamrau";8;TRUE;FALSE;NA;NA;"EN"
"RT @HeathrTurnr: The French R community show us how it's done #rstats #RR2016  https://t.co/0dHoTWvtrm";FALSE;0;NA;2016-06-23 17:12:05;FALSE;NA;"746028063381725186";NA;"<a href=""http://twitter.com/download/iphone"" rel=""nofollow"">Twitter for iPhone</a>";"quominus";8;TRUE;FALSE;NA;NA;"EN"
"RT @HeathrTurnr: The French R community show us how it's done #rstats #RR2016  https://t.co/0dHoTWvtrm";FALSE;0;NA;2016-06-23 17:03:17;FALSE;NA;"746025850290774017";NA;"<a href=""http://www.twitter.com"" rel=""nofollow"">Twitter for BlackBerry</a>";"erum2016";8;TRUE;FALSE;NA;NA;"EN"
"RT @thinkR_fr: Good job #RR2016 ! @RWomenTaskforce #gender #womenintech #WomenInScience #rstats #ladies https://t.co/eD11UKfan7";FALSE;0;NA;2016-06-23 17:03:11;FALSE;NA;"746025825498238976";NA;"<a href=""http://www.twitter.com"" rel=""nofollow"">Twitter for BlackBerry</a>";"erum2016";2;TRUE;FALSE;NA;NA;"EN"
"The French R community show us how it's done #rstats #RR2016  https://t.co/0dHoTWvtrm";FALSE;13;NA;2016-06-23 16:59:38;FALSE;NA;"746024928999276544";NA;"<a href=""https://about.twitter.com/products/tweetdeck"" rel=""nofollow"">TweetDeck</a>";"HeathrTurnr";8;FALSE;FALSE;NA;NA;"EN"
"RT @BigDataBatman: Very nice talk on Batman &amp; visualisation by @hafenstats #RR2016 #rstats https://t.co/8nKV7Ar1FI";FALSE;0;NA;2016-06-23 16:27:43;FALSE;NA;"746016898450526208";NA;"<a href=""http://twitter.com"" rel=""nofollow"">Twitter Web Client</a>";"timelyportfolio";1;TRUE;FALSE;NA;NA;"EN"
"RT @romain_francois: 3 speakers and a jedi on a <U+26A1><U+FE0F> talk. #RR2016 https://t.co/O9ECUFDDi6";FALSE;0;NA;2016-06-23 16:09:55;FALSE;NA;"746012417109409792";NA;"<a href=""http://twitter.com/download/android"" rel=""nofollow"">Twitter for Android</a>";"DianeBELDAME";2;TRUE;FALSE;NA;NA;"EN"
"3 speakers and a jedi on a <U+26A1><U+FE0F> talk. #RR2016 https://t.co/O9ECUFDDi6";FALSE;7;NA;2016-06-23 15:58:52;FALSE;NA;"746009637661597696";NA;"<a href=""http://twitter.com/download/iphone"" rel=""nofollow"">Twitter for iPhone</a>";"romain_francois";2;FALSE;FALSE;NA;NA;"EN"
"RT @thinkR_fr: Good job #RR2016 ! @RWomenTaskforce #gender #womenintech #WomenInScience #rstats #ladies https://t.co/eD11UKfan7";FALSE;0;NA;2016-06-23 15:40:24;FALSE;NA;"746004989475160064";NA;"<a href=""http://twitter.com/download/android"" rel=""nofollow"">Twitter for Android</a>";"DianeBELDAME";2;TRUE;FALSE;NA;NA;"EN"
"RT @thinkR_fr: @HeathrTurnr shares how the @RWomenTaskforce is involved in the inclusion of women in the #rstats community #RR2016 https://…";FALSE;0;NA;2016-06-23 15:40:14;FALSE;NA;"746004948693942272";NA;"<a href=""http://twitter.com/download/android"" rel=""nofollow"">Twitter for Android</a>";"DianeBELDAME";2;TRUE;FALSE;NA;NA;"EN"
"RT @romain_francois: Coffee &amp; macarons break. #RR2016 https://t.co/9pnIRtDEh0";FALSE;0;NA;2016-06-23 15:29:03;FALSE;NA;"746002134194323456";NA;"<a href=""http://twitter.com/download/android"" rel=""nofollow"">Twitter for Android</a>";"Natty_V2";1;TRUE;FALSE;NA;NA;"EN"
"Good job #RR2016 ! @RWomenTaskforce #gender #womenintech #WomenInScience #rstats #ladies https://t.co/eD11UKfan7";FALSE;8;NA;2016-06-23 15:22:55;FALSE;NA;"746000592154267648";NA;"<a href=""http://twitter.com/download/android"" rel=""nofollow"">Twitter for Android</a>";"thinkR_fr";2;FALSE;FALSE;NA;NA;"EN"
"Coffee &amp; macarons break. #RR2016 https://t.co/9pnIRtDEh0";FALSE;7;NA;2016-06-23 14:39:17;FALSE;NA;"745989611982327808";NA;"<a href=""http://twitter.com/download/iphone"" rel=""nofollow"">Twitter for iPhone</a>";"romain_francois";1;FALSE;FALSE;NA;NA;"EN"
"Very nice talk on Batman &amp; visualisation by @hafenstats #RR2016 #rstats https://t.co/8nKV7Ar1FI";FALSE;1;NA;2016-06-23 14:26:19;FALSE;NA;"745986346309787648";NA;"<a href=""http://pikesley.org"" rel=""nofollow"">SamReadWriteBot</a>";"BigDataBatman";1;FALSE;FALSE;NA;NA;"EN"
"RT @thinkR_fr: @HeathrTurnr shares how the @RWomenTaskforce is involved in the inclusion of women in the #rstats community #RR2016 https://…";FALSE;0;NA;2016-06-23 14:26:18;FALSE;NA;"745986341784150016";NA;"<a href=""http://twitter.com"" rel=""nofollow"">Twitter Web Client</a>";"RWomenTaskforce";2;TRUE;FALSE;NA;NA;"EN"
"RT @Xtophe_Bontemps: Heather Turner at #RR2016 #rstats : only 9% of women at UseR conf less than 15% of package authors ""female"" https://t.…";FALSE;0;NA;2016-06-23 14:19:21;FALSE;NA;"745984595083018240";NA;"<a href=""http://twitter.com/download/android"" rel=""nofollow"">Twitter for Android</a>";"joelgombin";5;TRUE;FALSE;NA;NA;"EN"
"Still @HeathrTurnr on @RConsortium projects at #RR2016 https://t.co/fhDbSCnaYi";FALSE;1;NA;2016-06-23 14:19:14;FALSE;NA;"745984564749807616";NA;"<a href=""http://twitter.com/download/iphone"" rel=""nofollow"">Twitter for iPhone</a>";"romain_francois";1;FALSE;FALSE;NA;NA;"EN"
"RT @romain_francois: #Rcpp still rocks. #rr2016 https://t.co/CFhc4KrHim";FALSE;0;NA;2016-06-23 13:56:32;FALSE;NA;"745978853319860224";NA;"<a href=""http://twitter.com/#!/download/ipad"" rel=""nofollow"">Twitter for iPad</a>";"elegrand";1;TRUE;FALSE;NA;NA;"EN"
"RT @_rgenuer_: Very nice talk on big data &amp; visualisation by @hafenstats #RR2016 #rstats https://t.co/m4gpGaxyRr";FALSE;0;NA;2016-06-23 13:55:22;FALSE;NA;"745978558166761473";NA;"<a href=""http://twitter.com/download/iphone"" rel=""nofollow"">Twitter for iPhone</a>";"andreamrau";3;TRUE;FALSE;NA;NA;"EN"
"RT @Xtophe_Bontemps: Heather Turner at #RR2016 #rstats : only 9% of women at UseR conf less than 15% of package authors ""female"" https://t.…";FALSE;0;NA;2016-06-23 13:55:13;FALSE;NA;"745978521026183168";NA;"<a href=""http://twitter.com/download/android"" rel=""nofollow"">Twitter for Android</a>";"thinkR_fr";5;TRUE;FALSE;NA;NA;"EN"
"I'm curious to know what the proportion of female attendees is at #RR2016 #rstats, my guess is ~40%? https://t.co/oksrwgde99";FALSE;1;NA;2016-06-23 13:54:38;FALSE;NA;"745978372262600704";NA;"<a href=""http://twitter.com/download/iphone"" rel=""nofollow"">Twitter for iPhone</a>";"andreamrau";0;FALSE;FALSE;NA;NA;"EN"
"@HeathrTurnr shares how the @RWomenTaskforce is involved in the inclusion of women in the #rstats community #RR2016 https://t.co/gSJsFxyWg7";FALSE;8;"HeathrTurnr";2016-06-23 13:53:51;FALSE;NA;"745978176157978624";"3367336625";"<a href=""http://twitter.com/download/android"" rel=""nofollow"">Twitter for Android</a>";"thinkR_fr";2;FALSE;FALSE;NA;NA;"EN"
"Interesting to hear a talk from @HeathrTurnr about what the @RWomenTaskforce is up to #RR2016 #rstats";FALSE;6;NA;2016-06-23 13:52:34;FALSE;NA;"745977855163645952";NA;"<a href=""http://twitter.com/download/iphone"" rel=""nofollow"">Twitter for iPhone</a>";"andreamrau";0;FALSE;FALSE;NA;NA;"EN"
"RT @Xtophe_Bontemps: Heather Turner at #RR2016 #rstats : only 9% of women at UseR conf less than 15% of package authors ""female"" https://t.…";FALSE;0;NA;2016-06-23 13:51:11;FALSE;NA;"745977505740361728";NA;"<a href=""http://twitter.com/download/android"" rel=""nofollow"">Twitter for Android</a>";"Natty_V2";5;TRUE;FALSE;NA;NA;"EN"
"RT @_rgenuer_: Very nice talk on big data &amp; visualisation by @hafenstats #RR2016 #rstats https://t.co/m4gpGaxyRr";FALSE;0;NA;2016-06-23 13:51:01;FALSE;NA;"745977461800841216";NA;"<a href=""http://twitter.com/download/android"" rel=""nofollow"">Twitter for Android</a>";"Natty_V2";3;TRUE;FALSE;NA;NA;"EN"
"RT @_rgenuer_: Very nice talk on big data &amp; visualisation by @hafenstats #RR2016 #rstats https://t.co/m4gpGaxyRr";FALSE;0;NA;2016-06-23 13:46:29;FALSE;NA;"745976322233597952";NA;"<a href=""http://twitter.com/download/iphone"" rel=""nofollow"">Twitter for iPhone</a>";"melinaGALLOPIN";3;TRUE;FALSE;NA;NA;"EN"
"Very nice talk on big data &amp; visualisation by @hafenstats #RR2016 #rstats https://t.co/m4gpGaxyRr";FALSE;0;NA;2016-06-23 13:43:50;FALSE;NA;"745975656673075200";NA;"<a href=""http://twitter.com/download/android"" rel=""nofollow"">Twitter for Android</a>";"_rgenuer_";3;FALSE;FALSE;NA;NA;"EN"
"Heather Turner at #RR2016 #rstats : only 9% of women at UseR conf less than 15% of package authors ""female"" https://t.co/jhrWh7wStK";FALSE;5;NA;2016-06-23 13:41:01;FALSE;NA;"745974944744476672";NA;"<a href=""http://twitter.com/download/iphone"" rel=""nofollow"">Twitter for iPhone</a>";"Xtophe_Bontemps";5;FALSE;FALSE;NA;NA;"EN"
"RT @_rgenuer_: @Lionning13 demonstrating with a very nice video #RR2016 #rstats https://t.co/rCc1jaPOjd";FALSE;0;NA;2016-06-23 12:37:32;FALSE;NA;"745958969655631872";NA;"<a href=""http://twitter.com"" rel=""nofollow"">Twitter Web Client</a>";"melinaGALLOPIN";1;TRUE;FALSE;NA;NA;"EN"
"RT @InoaIgnacio: After lunch panel: #rstats, econometrics &amp; marketing at #rr2016 <ed><U+00A0><U+00BD><ed><U+00B2><U+00A5><ed><U+00A0><U+00BD><ed><U+00B2><U+00A5><ed><U+00A0><U+00BD><ed><U+00B2><U+00A5> https://t.co/1UtvANHc3r";FALSE;0;NA;2016-06-23 12:24:43;FALSE;NA;"745955746165166080";NA;"<a href=""https://mobile.twitter.com"" rel=""nofollow"">Mobile Web (M2)</a>";"MamzelleBulle35";1;TRUE;FALSE;NA;NA;"EN"
"RT @romain_francois: R package named after food. #sofrench #rr2016 https://t.co/v2REWo0k8x";FALSE;0;NA;2016-06-23 12:11:13;FALSE;NA;"745952348682526720";NA;"<a href=""https://mobile.twitter.com"" rel=""nofollow"">Mobile Web (M2)</a>";"MamzelleBulle35";6;TRUE;FALSE;NA;NA;"EN"
"RT @romain_francois: #rr2016 badge upgrade. #rcatladies https://t.co/6Ncn23aPl9";FALSE;0;NA;2016-06-23 12:10:15;FALSE;NA;"745952103470931969";NA;"<a href=""https://mobile.twitter.com"" rel=""nofollow"">Mobile Web (M2)</a>";"MamzelleBulle35";2;TRUE;FALSE;NA;NA;"EN"
"After lunch panel: #rstats, econometrics &amp; marketing at #rr2016 <ed><U+00A0><U+00BD><ed><U+00B2><U+00A5><ed><U+00A0><U+00BD><ed><U+00B2><U+00A5><ed><U+00A0><U+00BD><ed><U+00B2><U+00A5> https://t.co/1UtvANHc3r";FALSE;1;NA;2016-06-23 12:07:08;FALSE;NA;"745951321585389568";NA;"<a href=""http://twitter.com/download/iphone"" rel=""nofollow"">Twitter for iPhone</a>";"InoaIgnacio";1;FALSE;FALSE;NA;NA;"EN"
"RT @Xtophe_Bontemps: Full audience for Pascal Martin's  lecture on RBioconductor at #RR2016  #rstats https://t.co/tLEiKXRkuu";FALSE;0;NA;2016-06-23 11:55:40;FALSE;NA;"745948433215852544";NA;"<a href=""http://twitter.com"" rel=""nofollow"">Twitter Web Client</a>";"thinkR_fr";2;TRUE;FALSE;NA;NA;"EN"
"Hot day at #rr2016";FALSE;0;NA;2016-06-23 11:24:23;FALSE;NA;"745940563787137028";NA;"<a href=""http://twitter.com/download/iphone"" rel=""nofollow"">Twitter for iPhone</a>";"HLambrechts";0;FALSE;FALSE;NA;NA;"EN"
"RT @alykisdata: Crowded room at #RR2016 for @hafenstats presentation on #bigdata #analysis and #visualisation! https://t.co/q6Nfy4iLNI";FALSE;0;NA;2016-06-23 10:00:54;FALSE;NA;"745919552249290752";NA;"<a href=""https://mobile.twitter.com"" rel=""nofollow"">Mobile Web (M2)</a>";"MeseiraFr";3;TRUE;FALSE;NA;NA;"EN"
"RT @alykisdata: Crowded room at #RR2016 for @hafenstats presentation on #bigdata #analysis and #visualisation! https://t.co/q6Nfy4iLNI";FALSE;0;NA;2016-06-23 09:41:59;FALSE;NA;"745914792582455296";NA;"<a href=""https://gamedevbrain.wordpress.com/"" rel=""nofollow"">BigDataTweetBot</a>";"BigDataTweetBot";3;TRUE;FALSE;NA;NA;"EN"
"Next up at #RR2016 #rstats: @hafenstats on deep analysis &amp; viz of big data!";FALSE;2;NA;2016-06-23 09:38:32;FALSE;NA;"745913925468831744";NA;"<a href=""http://twitter.com/download/iphone"" rel=""nofollow"">Twitter for iPhone</a>";"andreamrau";0;FALSE;FALSE;NA;NA;"EN"
"Crowded room at #RR2016 for @hafenstats presentation on #bigdata #analysis and #visualisation! https://t.co/q6Nfy4iLNI";FALSE;1;NA;2016-06-23 09:37:58;FALSE;NA;"745913782967345152";NA;"<a href=""http://twitter.com/download/android"" rel=""nofollow"">Twitter for Android</a>";"alykisdata";3;FALSE;FALSE;NA;NA;"EN"
"""Tools for analysis and visualization of large complex data in R"" by @hafenstats at #RR2016 #rstats https://t.co/2hkOvvB8uN";FALSE;3;NA;2016-06-23 09:36:31;FALSE;NA;"745913416586493952";NA;"<a href=""http://twitter.com/download/android"" rel=""nofollow"">Twitter for Android</a>";"alinedeschamps";0;FALSE;FALSE;NA;NA;"EN"
"RT @romain_francois: R package named after food. #sofrench #rr2016 https://t.co/v2REWo0k8x";FALSE;0;NA;2016-06-23 09:21:56;FALSE;NA;"745909744343355392";NA;"<a href=""http://twitter.com"" rel=""nofollow"">Twitter Web Client</a>";"zentree";6;TRUE;FALSE;NA;NA;"EN"
"RT @romain_francois: R package named after food. #sofrench #rr2016 https://t.co/v2REWo0k8x";FALSE;0;NA;2016-06-23 09:08:38;FALSE;NA;"745906398207311872";NA;"<a href=""http://twitter.com/download/android"" rel=""nofollow"">Twitter for Android</a>";"alykisdata";6;TRUE;FALSE;NA;NA;"EN"
"#Rcpp still rocks. #rr2016 https://t.co/CFhc4KrHim";FALSE;5;NA;2016-06-23 09:04:33;FALSE;NA;"745905369814269952";NA;"<a href=""http://twitter.com/download/iphone"" rel=""nofollow"">Twitter for iPhone</a>";"romain_francois";1;FALSE;FALSE;NA;NA;"EN"
"RT @romain_francois: #rr2016 badge upgrade. #rcatladies https://t.co/6Ncn23aPl9";FALSE;0;NA;2016-06-23 08:56:48;FALSE;NA;"745903420570214400";NA;"<a href=""https://about.twitter.com/products/tweetdeck"" rel=""nofollow"">TweetDeck</a>";"erum2016";2;TRUE;FALSE;NA;NA;"EN"
"#rr2016 badge upgrade. #rcatladies https://t.co/6Ncn23aPl9";FALSE;12;NA;2016-06-23 08:52:36;FALSE;NA;"745902364750667776";NA;"<a href=""http://twitter.com/download/iphone"" rel=""nofollow"">Twitter for iPhone</a>";"romain_francois";2;FALSE;FALSE;NA;NA;"EN"
"RT @romain_francois: R package named after food. #sofrench #rr2016 https://t.co/v2REWo0k8x";FALSE;0;NA;2016-06-23 08:51:30;FALSE;NA;"745902089331707904";NA;"<a href=""http://twitter.com/download/iphone"" rel=""nofollow"">Twitter for iPhone</a>";"andreamrau";6;TRUE;FALSE;NA;NA;"EN"
"RT @romain_francois: R package named after food. #sofrench #rr2016 https://t.co/v2REWo0k8x";FALSE;0;NA;2016-06-23 08:47:23;FALSE;NA;"745901049643401216";NA;"<a href=""http://twitter.com/download/android"" rel=""nofollow"">Twitter for Android</a>";"DianeBELDAME";6;TRUE;FALSE;NA;NA;"EN"
"RT @romain_francois: R package named after food. #sofrench #rr2016 https://t.co/v2REWo0k8x";FALSE;0;NA;2016-06-23 08:46:49;FALSE;NA;"745900910161838085";NA;"<a href=""http://twitter.com/download/android"" rel=""nofollow"">Twitter for Android</a>";"alinedeschamps";6;TRUE;FALSE;NA;NA;"EN"
"@Lionning13 demonstrating with a very nice video #RR2016 #rstats https://t.co/rCc1jaPOjd";FALSE;3;"Lionning13";2016-06-23 08:44:56;FALSE;NA;"745900434011885573";"566605603";"<a href=""http://twitter.com/download/android"" rel=""nofollow"">Twitter for Android</a>";"_rgenuer_";1;FALSE;FALSE;NA;NA;"EN"
"R package named after food. #sofrench #rr2016 https://t.co/v2REWo0k8x";FALSE;8;NA;2016-06-23 08:44:23;FALSE;NA;"745900296858140672";NA;"<a href=""http://twitter.com/download/iphone"" rel=""nofollow"">Twitter for iPhone</a>";"romain_francois";6;FALSE;FALSE;NA;NA;"EN"
"RT @andreamrau: Kicking things off at #RR2016 #rstats : Pascal Martin overview on @Bioconductor core packages";FALSE;0;NA;2016-06-23 08:41:48;FALSE;NA;"745899646590001153";NA;"<a href=""http://twitter.com/download/iphone"" rel=""nofollow"">Twitter for iPhone</a>";"romain_francois";1;TRUE;FALSE;NA;NA;"EN"
"Next up at #RR2016 #rstats, a classification session starting with @Lionning13 on his package BlockSeg";FALSE;2;NA;2016-06-23 08:36:52;FALSE;NA;"745898405776465921";NA;"<a href=""http://twitter.com/download/iphone"" rel=""nofollow"">Twitter for iPhone</a>";"andreamrau";0;FALSE;FALSE;NA;NA;"EN"
"RT @Xtophe_Bontemps: Full audience for Pascal Martin's  lecture on RBioconductor at #RR2016  #rstats https://t.co/tLEiKXRkuu";FALSE;0;NA;2016-06-23 07:58:44;FALSE;NA;"745888809729073152";NA;"<a href=""http://twitter.com/download/iphone"" rel=""nofollow"">Twitter for iPhone</a>";"andreamrau";2;TRUE;FALSE;NA;NA;"EN"
"Full audience for Pascal Martin's  lecture on RBioconductor at #RR2016  #rstats https://t.co/tLEiKXRkuu";FALSE;0;NA;2016-06-23 07:25:17;FALSE;NA;"745880388560691200";NA;"<a href=""http://twitter.com/download/iphone"" rel=""nofollow"">Twitter for iPhone</a>";"Xtophe_Bontemps";2;FALSE;FALSE;NA;NA;"EN"
"@andreamrau That's a mainly French language event, is it? #RR2016 #rstats";FALSE;0;"andreamrau";2016-06-23 07:09:54;FALSE;"745872883520577536";"745876519147474945";"2446051891";"<a href=""https://about.twitter.com/products/tweetdeck"" rel=""nofollow"">TweetDeck</a>";"DerFredo";0;FALSE;FALSE;NA;NA;"EN"
"Kicking things off at #RR2016 #rstats : Pascal Martin overview on @Bioconductor core packages";FALSE;3;NA;2016-06-23 06:55:27;FALSE;NA;"745872883520577536";NA;"<a href=""http://twitter.com/download/iphone"" rel=""nofollow"">Twitter for iPhone</a>";"andreamrau";1;FALSE;FALSE;NA;NA;"EN"
"RT @andreamrau: Everything's set for a great conference tomorrow -- great speakers, venue, <U+2600><U+FE0F><U+2600><U+FE0F><U+2600><U+FE0F>, goodies, even a color theme! Can't wait!…";FALSE;0;NA;2016-06-23 01:52:31;FALSE;NA;"745796645527293953";NA;"<a href=""http://twitter.com/#!/download/ipad"" rel=""nofollow"">Twitter for iPad</a>";"PauMRau";2;TRUE;FALSE;NA;NA;"EN"
"@Natty_V2 You are not the only one, #rr2016 was a team choice, that's the way...";FALSE;0;"Natty_V2";2016-06-22 22:48:18;FALSE;"745299268295077888";"745750287357468672";"457517520";"<a href=""http://twitter.com"" rel=""nofollow"">Twitter Web Client</a>";"MeseiraFr";0;FALSE;FALSE;NA;NA;"EN"
"RT @andreamrau: Everything's set for a great conference tomorrow -- great speakers, venue, <U+2600><U+FE0F><U+2600><U+FE0F><U+2600><U+FE0F>, goodies, even a color theme! Can't wait!…";FALSE;0;NA;2016-06-22 21:05:59;FALSE;NA;"745724537506045952";NA;"<a href=""http://twitter.com/download/android"" rel=""nofollow"">Twitter for Android</a>";"alinedeschamps";2;TRUE;FALSE;NA;NA;"EN"
"Everything's set for a great conference tomorrow -- great speakers, venue, <U+2600><U+FE0F><U+2600><U+FE0F><U+2600><U+FE0F>, goodies, even a color theme! Can't wait! #RR2016 #rstats";FALSE;6;NA;2016-06-22 19:25:59;FALSE;NA;"745699374517391364";NA;"<a href=""http://twitter.com/download/iphone"" rel=""nofollow"">Twitter for iPhone</a>";"andreamrau";2;FALSE;FALSE;NA;NA;"EN"
"RT @andreamrau: T-minus 1 day until the Rencontres R in Toulouse, looking forward to a great conference! #RR2016 #rstats https://t.co/qj9WN…";FALSE;0;NA;2016-06-22 14:01:23;FALSE;NA;"745617686202310656";NA;"<a href=""http://twitter.com"" rel=""nofollow"">Twitter Web Client</a>";"geraudster";5;TRUE;FALSE;NA;NA;"EN"
"RT @Natty_V2: @Lionning13 #RR2016 #rstats The place to be!";FALSE;0;NA;2016-06-22 13:59:13;FALSE;NA;"745617140892442624";NA;"<a href=""https://about.twitter.com/products/tweetdeck"" rel=""nofollow"">TweetDeck</a>";"Xtophe_Bontemps";3;TRUE;FALSE;NA;NA;"EN"
"RT @Natty_V2: @Lionning13 #RR2016 #rstats The place to be!";FALSE;0;NA;2016-06-22 13:19:31;FALSE;NA;"745607147631828992";NA;"<a href=""http://twitter.com"" rel=""nofollow"">Twitter Web Client</a>";"ValRobert974";3;TRUE;FALSE;NA;NA;"EN"
"RT @Natty_V2: @Lionning13 #RR2016 #rstats The place to be!";FALSE;0;NA;2016-06-22 12:55:32;FALSE;NA;"745601113701875712";NA;"<a href=""http://twitter.com/download/iphone"" rel=""nofollow"">Twitter for iPhone</a>";"andreamrau";3;TRUE;FALSE;NA;NA;"EN"
"@Lionning13 #RR2016 #rstats The place to be!";FALSE;4;"Lionning13";2016-06-22 12:44:11;FALSE;"745555991572291584";"745598255774445568";"566605603";"<a href=""http://twitter.com"" rel=""nofollow"">Twitter Web Client</a>";"Natty_V2";3;FALSE;FALSE;NA;NA;"EN"
"@Lionning13 did you succeed to download the material for the R tutorial? #RR2016 #rstats";FALSE;1;"Lionning13";2016-06-22 09:23:35;FALSE;NA;"745547774318415872";"566605603";"<a href=""http://twitter.com/download/iphone"" rel=""nofollow"">Twitter for iPhone</a>";"melinaGALLOPIN";0;FALSE;FALSE;NA;NA;"EN"
"@melinaGALLOPIN @andreamrau @Natty_V2 I also like the double hashtag #RR2016 #rstats :)";FALSE;1;"melinaGALLOPIN";2016-06-22 07:28:47;FALSE;"745494301333852161";"745518883818209280";"36752136";"<a href=""http://twitter.com/download/android"" rel=""nofollow"">Twitter for Android</a>";"alinedeschamps";0;FALSE;FALSE;NA;NA;"EN"
"RT @andreamrau: T-minus 1 day until the Rencontres R in Toulouse, looking forward to a great conference! #RR2016 #rstats https://t.co/qj9WN…";FALSE;0;NA;2016-06-22 05:56:34;FALSE;NA;"745495676537081856";NA;"<a href=""http://twitter.com/download/iphone"" rel=""nofollow"">Twitter for iPhone</a>";"melinaGALLOPIN";5;TRUE;FALSE;NA;NA;"EN"
"RT @andreamrau: Some great invited speakers in the lineup at #RR2016 #rstats: @hafenstats, @HeathrTurnr, A-L Boulesteix, P Martin, F Husson";FALSE;0;NA;2016-06-22 05:56:32;FALSE;NA;"745495669201264641";NA;"<a href=""http://twitter.com/download/iphone"" rel=""nofollow"">Twitter for iPhone</a>";"melinaGALLOPIN";3;TRUE;FALSE;NA;NA;"EN"
"@andreamrau @Natty_V2 I Guess #RR2016 #rstats is a nice combo";FALSE;3;"andreamrau";2016-06-22 05:51:06;FALSE;"745302298839101441";"745494301333852161";"2446051891";"<a href=""http://twitter.com/download/iphone"" rel=""nofollow"">Twitter for iPhone</a>";"melinaGALLOPIN";0;FALSE;FALSE;NA;NA;"EN"
"RT @andreamrau: T-minus 1 day until the Rencontres R in Toulouse, looking forward to a great conference! #RR2016 #rstats https://t.co/qj9WN…";FALSE;0;NA;2016-06-22 02:21:04;FALSE;NA;"745441443351666688";NA;"<a href=""http://twitter.com/#!/download/ipad"" rel=""nofollow"">Twitter for iPad</a>";"PauMRau";5;TRUE;FALSE;NA;NA;"EN"
"RT @andreamrau: Some great invited speakers in the lineup at #RR2016 #rstats: @hafenstats, @HeathrTurnr, A-L Boulesteix, P Martin, F Husson";FALSE;0;NA;2016-06-22 02:20:37;FALSE;NA;"745441330415841281";NA;"<a href=""http://twitter.com/#!/download/ipad"" rel=""nofollow"">Twitter for iPad</a>";"PauMRau";3;TRUE;FALSE;NA;NA;"EN"
